pharmacy;pharmacy pharmacies;
brave;brave braved braver braves braving bravest;
president;president presidents;
holding;holdings holding;
pants;pants;
calculate;calculate calculates calculating calculated;
desktop;desktops desktop;
party;partys parties partying party partied;
academic;academics academic;
religion;religion religions;
time;time timed times timing;
knock;knocking knock knocked knocks;
subway;subways subway;
fuck;fucking fucked fuck fucks;
hippy;hippies hippy hippys;
bark;barks barking barked bark;
tent;tents tent tented;
joke;joked jokes joke joking;
cage;caging caged cages cage;
directive;directives directive;
thunder;thundering thundered thunder thunders;
southerner;southerner southerners;
poetic;poetic;
theater;theater;
tavern;tavern taverns;
meet;met meeting meet meets;
tail;tails tail tailed tailing;
evolution;evolutions evolution;
project;projects project projecting projected;
bit;bit bits bitted;
handcuff;handcuffed handcuff handcuffing handcuffs;
caravan;caravans caravan;
touch;touch touching touched touches;
native;native natives;
bite;biting bite bites;
sweetie;sweetie;
nephew;nephew nephews;
sick;sicked sickest sicker sicks sick sicking;
uncle;uncles uncle;
wildfire;wildfire;
judgment;judgment judgments;
nail;nailing nailed nail nails;
queen;queens queen;
piss;pissed pissing pisses piss;
horny;horniest horny;
behavior;behaviors behavior;
butcher;butcher butchering butchered butchers;
sweetheart;sweethearts sweetheart;
trilogy;trilogy;
net;netting nets net netted;
commerce;commerce;
currency;currencies currency;
grind;grind ground grinds grinding;
bathing;bathing;
token;token tokens;
side;siding side sided sides;
guard;guards guard guarding guarded;
tell;tells told telled tell telling;
mention;mentioning mentioned mention mentions;
dating;dating datings;
unappreciated;unappreciated;
trial;trialing trialled trialling trial trials;
riverrun;riverrun;
ignore;ignores ignored ignoring ignore;
ridiculous;ridiculous;
starling;starling starlings;
solar;solar;
join;joins joined joining join;
burning;burnings burning;
till;tills tilled till tilling;
taking;takings taking;
slaver;slavered slavering slavers slaver;
beginner;beginners beginner;
register;register registered registers registering;
bird;bird birds;
brazil;brazil brazils;
red;reds red redder reddest;
developer;developer developers;
comfort;comforts comforting comfort comforted;
magical;magical;
library;libraries library;
guest;guested guests guest guesting;
aunt;aunts aunt;
britain;britains britain;
suspend;suspend suspends suspending suspended;
sniper;sniper snipers;
invader;invader invaders;
drop;dropped dropping drop drops;
lead;leads led leading lead;
architecture;architectures architecture;
capital;capitals capital;
echo;echoing echoes echos echoed echo;
cock;cock cocking cocked cocks;
kiss;kiss kissing kissed kisses;
software;software;
planet;planets planet;
march;march marching marches marched;
band;bands banded band banding;
rope;roping rope ropes roped;
bank;banking bank banked banks;
motion;motions motioning motioned motion;
bang;banging bangs banged bang;
founder;founders foundering foundered founder;
gentleman;gentlemen gentleman;
hoof;hoofed hoofing hoofs hooves hoof;
dad;dad dads;
creepy;creepy;
execute;executes executed execute executing;
textbook;textbooks textbook;
fax;fax faxes faxed faxing;
station;stationing stationed stations station;
pumpkin;pumpkin pumpkins;
watch;watching watch watches watched;
fat;fattest fatter fat fats;
yesterday;yesterday yesterdays;
molest;molesting molested molest;
code;codes coded code coding;
double;double-s doubling doubles doubled double;
fan;fanning fans fanned fan;
cream;creaming creamer creamed creams cream;
sign;sign signs signing signed;
massacre;massacre massacres;
refuse;refuse refuses refused refusing;
forex;forex;
congressman;congressmen congressman;
tough;toughest toughs tougher tough;
sigh;sighs sighing sighed sigh;
prefer;prefered prefering preferring prefer prefers preferred;
fast;fasts faster fasted fasting fast fastest;
make;maketh makeing makes made making make;
room;rooming roomed rooms room;
bill;billing billed bill bills;
measure;measure measured measures measuring;
bungee;bungee;
horse;horsed horses horse horsing;
rap;rapped rapping raps rap;
rat;ratting ratted rats rat;
twin;twin twinned twins twinning;
farm;farm farmed farms farming;
honeymoon;honeymoon honeymoons honeymooned honeymooning;
ally;ally allied allies allying;
treasure;treasures treasured treasure treasuring;
name;named naming names name;
musically;musically;
pay;paid payed pays pay paying;
packing;packings packing;
condolence;condolences condolence;
fart;farting fart farts farted;
tonight;tonight;
locate;locates located locating locate;
tall;taller tallest tall;
onion;onions onion;
talk;talking talks talked talk;
music;musics music;
law;law laws;
mail;mailing mails mail mailed;
thousand;thousand thousands;
lubricant;lubricants lubricant;
great;greater great greats greatest;
protector;protector protectors;
female;female females;
headache;headache headaches;
take;takes take took taken taking;
freeze;freezed freezes froze freeze frozen freezing;
peace;peaces peace;
inside;inside insides;
maid;maids maid;
ballad;ballads ballad;
castle;castles castling castle castled;
bow;bows bow bowing bowed;
bind;binds binding bind bound;
unborn;unborn;
cup;cup cups cupped cupping;
tomato;tomato tomatoes;
asshole;asshole assholes;
riddle;riddling riddled riddles riddle;
reason;reasoning reason reasons reasoned;
scotch;scotches scotch scotching scotched;
freak;freaking freaks freak freaked;
chubby;chubby;
rock;rocking rocked rock rocks;
honey;honeys honey;
rank;ranks ranker rank ranked ranking;
help;help helping helped helps;
zoo;zoo zoos;
penis;penis;
report;reported reports report reporting;
reset;resetting resets reset;
terrorist;terrorists terrorist;
smile;smiled smile smiles smiling;
carry;carrying carries carried carry;
final;finals final;
transfer;transfers transfer transferred transfering transfered transferring;
someday;someday;
mexican;mexicans mexican;
hold;held holding hold holds;
menu;menus menu;
career;careers career careering careered;
bad;worse worst badder baddest bad bads;
robe;robes robed robing robe;
redundancy;redundancies redundancy;
warrior;warrior warriors;
rob;rob robs robbed robbing;
rose;rose roses;
suppose;suppose supposing supposes supposed;
vacation;vacationing vacation vacations;
shoot;shoot shoots shooted shot shooting;
bay;baies bayer bay bays baying bayed;
creep;creep creeping creeps crept;
abstraction;abstraction abstractions;
silence;silence silencing silenced silences;
perfume;perfumed perfume perfumes perfuming;
acupressure;acupressure;
auto;autos auto;
bravery;bravery;
homosexual;homosexuals homosexual;
bar;barred bars bar barring;
heading;headings heading;
pardon;pardon pardons pardoned pardoning;
home;home homed homes homing;
tropical;tropical;
ministry;ministries ministry;
announce;announced announcing announces announce;
quit;quitted quits quitting quit;
clean;cleans cleaning cleanest clean cleaner cleaned;
stereotype;stereotypes stereotype stereotyped stereotyping;
riding;riding ridings;
robb;robb;
browser;browsers browser;
fiction;fiction fictions;
butt;butts butt butting;
hiring;hirings hiring;
painter;painters painter;
listen;listening listened listens listen;
rape;raped rapes raping rape;
airline;airlines airline;
september;september;
analyse;analysing analysed analyses analyse;
stay;stay stayed stays staying;
vintage;vintage vintages;
creature;creature creatures;
star;starred stars star starring;
movie;movies movie;
hell;hells hell;
yummy;yummy;
robot;robots robot;
helm;helms helm helming helmed;
unknown;unknown;
sending;sending sendings;
boyfriend;boyfriend boyfriends;
homo;homos homo;
pet;petted pet petting pets;
club;clubbing clubbed club clubs;
pee;pees peed peeing pee;
guitar;guitar guitars;
cut;cutting cut cuts;
force;forcing force forces forced;
nose;nosing nosed noses nose;
laughter;laughter;
single;singling single singled singles;
grill;grill grills grilling grilled;
monday;monday;
yacht;yacht yachts;
dragon;dragons dragon;
roxy;roxy;
ranger;rangers ranger;
neighbor;neighbors neighbor;
mess;messes messed mess messing;
type;typing types type typed;
proposition;propositions propositioned propositioning proposition;
euro;euro euros;
helmet;helmets helmet;
disc;discs disc;
twitter;twittering twitter twittered twitters;
gentle;gentling gentle gentles gentled;
rare;rarest rare rarer;
hit;hits hitting hit;
tear;tore tear tearing torn tears;
request;requested requests requesting request;
wonder;wonders wondered wonder wondering;
action;action actioning actioned actions;
pray;prays praying pray prayed;
penalty;penalty penalties;
medicine;medicine medicines;
grandma;grandmas grandma;
hire;hired hiring hires hire;
eye;eyeing eyed eyes eye;
punch;punch punching punched punches;
doughnut;doughnut doughnuts;
beg;beg begged begging begs;
scroll;scroll scrolls;
bed;bedding beds bed bedded;
pleasure;pleasure pleasuring pleasured pleasures;
assist;assisted assists assist assisting;
team;teamed teams teaming team;
finger;fingered fingers finger fingering;
tire;tiring tires tired tire;
copywriter;copywriters copywriter;
arrive;arrive arriving arrives arrived;
groan;groan groans groaning groaned;
corporate;corporate corporates;
kinda;kinda;
bless;blesses blessed bless blessing;
dress;dressing dress dressed dresses;
bet;bets betting bet;
gently;gently;
tiny;tiny tinier tiniest;
defeat;defeat defeated defeating defeats;
trailer;trailer trailers trailered;
giggle;giggle giggling giggled giggles;
mommy;mommy;
grandpa;grandpa;
quick;quicker quick quicks quickest;
feeding;feedings feeding;
goods;goods;
chest;chests chested chest chesting;
wondering;wonderings wondering;
security;securities security;
microbial;microbial;
disease;disease diseases;
shove;shoved shove shoving shoves;
randomly;randomly;
investment;investments investment;
prisoner;prisoners prisoner;
skyscraper;skyscraper skyscrapers;
arrest;arrested arrests arrest arresting;
gorgeous;gorgeous;
motorcycle;motorcycles motorcycle;
drum;drumming drummed drum drums;
relevant;relevant;
rip;rip ripping ripped rips;
necrophilia;necrophilia;
camper;camper campers;
poker;poker pokers;
therapist;therapist therapists;
play;playing played play plays;
agreement;agreements agreement;
sport;sporting sports sport sported;
offer;offered offers offering offer;
registration;registrations registration;
past;pasts past;
pie;pies pie;
daily;dailies daily;
pig;pigging pigged pigs pig;
election;election elections;
plan;plans plan planning planned;
football;footballs football;
mentally;mentally;
pin;pins pin pinned pinning;
naked;naked;
subtitle;subtitles subtitled subtitle subtitling;
untalented;untalented;
clothe;clothed clothes clothe;
proud;proudest prouder proud;
earn;earning earns earned earn;
shout;shouts shouted shouting shout;
bravely;bravely;
dynasty;dynasties dynasty;
thirteen;thirteens thirteen;
nobility;nobility;
grandfather;grandfathers grandfather;
blond;blonds blonder blond;
nice;nicest nice nicer;
yellow;yellowed yellower yellows yellow;
cave;caves caving caved cave;
garbage;garbage;
hearth;hearths hearth;
pot;potting potted pots pot;
lick;licking licks licked lick;
candle;candle candles;
recruit;recruit recruits recruited recruiting;
hide;hides hid hide hiding hidden;
tully;tully;
prostitute;prostitutes prostitute prostituting prostituted;
drink;drinking drank drunk drink drinks;
hunt;hunting hunts hunt hunted;
lovely;loveliest lovelies lovelier lovely;
throat;throats throat;
worldwide;worldwide;
tattoo;tattoos tattoo;
pod;pods podding pod;
cheat;cheat cheats cheating cheated;
chaos;chaos;
laugh;laughing laughs laugh laughed;
panda;panda pandas;
vote;vote votes voted voting;
travele;traveled traveling travele;
soul;souls soul;
gorilla;gorillas gorilla;
quiet;quieting quietest quieter quieted quiet;
blood;blooded blooding blood bloods;
ist;ist;
temple;temple temples;
terrible;terrible;
swear;swearing swears swear swore sworn;
pregnant;pregnant;
blade;blades blade;
favor;favor;
lot;lots lot;
dummy;dummied dummies dummying dummy;
low;lows lower low lowed lowest lowing;
theft;theft thefts;
dreaming;dreaming dreamings;
ugly;ugly uglier ugliest;
territory;territory territories;
sort;sort sorted sorting sorts;
god;god gods;
drunk;drunk drunks drunker;
armor;armor;
whore;whoring whored whores whore;
run;ran runs runneth run running;
rum;rums rum;
babe;babes babe;
captain;captains captaining captained captain;
substance;substance substances;
kingdom;kingdoms kingdom;
golf;golfs golf;
pick;picking picked picks pick;
baby;babied babys babies babying baby;
annoy;annoys annoyed annoying annoy;
gold;gold golds;
license;licensing licensed licenses license;
trust;trusted trust trusting trusts;
seed;seeding seeded seed seeds;
metabolism;metabolism metabolisms;
weed;weed weeds;
back;backed back backing backs;
bull;bulled bulls bulling bull;
jail;jailing jail jails jailed;
young;youngest younger young;
fitting;fittings fitting;
mount;mounts mount mounting mounted;
facial;facial facials;
practice;practiced practices practicing practice;
thirsty;thirsty thirstier;
defend;defending defends defend defended;
fisherman;fishermen fisherman;
garden;gardened gardening gardens garden;
mate;mated mates mating mate;
frisbee;frisbees frisbee;
percent;percent;
cartoon;cartoon cartoons cartooned;
cop;cops copped cop copping;
emergency;emergencies emergency;
glue;glueing glue glued glues gluing;
busy;busier busies busiest busying busy busied;
download;downloading download downloaded downloads;
botanical;botanical;
science;sciences science;
discretion;discretion discretions;
buse;buses bused buse busing;
vagina;vagina vaginas;
care;cares caring care cared;
grandchildren;grandchildren;
germany;germany;
fetish;fetish fetishes;
rebel;rebelled rebels rebelling rebel;
grandson;grandsons grandson;
demand;demands demanding demanded demand;
unethical;unethical;
orange;orange oranges;
control;controls control controlling controlled;
declaration;declaration declarations;
mouth;mouthed mouth mouthing mouths;
psychiatric;psychiatric;
bury;bury burying buries buried;
monogamist;monogamist;
cart;carts carted cart carting;
pub;pubs pub;
vary;varying vary varies varied;
upgrade;upgrade upgrades upgrading upgraded;
cast;cast casting casts;
sound;sounder sounded sounding sound soundest sounds;
stereo;stereo stereos;
cash;cashing cash cashed cashes;
exporter;exporters exporter;
burn;burned burnt burns burning burn;
scare;scares scared scaring scare;
song;song songs;
cat;cats cat;
communist;communist communists;
cloak;cloaks cloaked cloaking cloak;
liar;liars liar;
vibrator;vibrators vibrator;
corn;corns corn;
federal;federal;
verb;verb verbs;
underwear;underwear;
traitor;traitor traitors;
voicemail;voicemail;
roommate;roommate roommates;
dirty;dirtying dirties dirtied dirtiest dirty dirtier;
grateful;grateful;
question;questioned questioning questions question;
feminist;feminists feminist;
inspire;inspiring inspires inspire inspired;
pirate;pirated pirates pirating pirate;
thrust;thrust thrusts thrusting;
opium;opium;
fungal;fungal;
turnoff;turnoff;
reference;references referencing referenced reference;
cry;cries crying cried cry;
catholic;catholic catholics;
charge;charges charge charging charged;
pretend;pretends pretending pretend pretended;
potato;potatoes potato;
core;coring core cored cores;
high;highest higher high highs;
wear;worn wearing wore wears wear;
giant;giants giant;
poisoner;poisoner poisoners;
assign;assigns assigning assign assigned;
birth;birth birthed birthing births;
immigrant;immigrants immigrant;
sad;saddest sad sadder;
brothel;brothels brothel;
masquerade;masquerade masquerading masqueraded masquerades;
house;houses housed housing house;
pinky;pinkies pinky;
people;peopled peoples people peopling;
draw;draw draws drew drawn drawing drawed;
camp;camper camp camping camps camped;
apologize;apologize apologizing apologizes apologized;
solo;solos solo;
shadow;shadowed shadowing shadow shadows;
milk;milked milk milking milks;
gum;gumming gummed gum gums;
income;income incomes;
casting;casting castings;
shotgun;shotguns shotgun;
monstrously;monstrously;
platform;platform platforms;
unlock;unlocked unlock unlocks unlocking;
million;million millions;
cinnamon;cinnamon;
jealous;jealous;
elite;elites elite;
vodka;vodkas vodka;
pimp;pimps pimp pimping;
visual;visual;
sat;sat;
prize;prize prized prizes prizing;
funeral;funerals funeral;
shield;shields shielded shield shielding;
dance;danced dancing dances dance;
mailing;mailing mailings;
suddenly;suddenly;
prayer;prayer prayers;
masturbate;masturbate masturbating masturbates masturbated;
put;putted put puts putting;
translation;translation translations;
remove;removing remove removes removed;
bake;bake baking bakes baked;
marionette;marionette marionettes;
secure;securer secures secured secure securing;
apartment;apartment apartments;
line;lined line lines lining;
switch;switches switched switch switching;
haired;haired;
escape;escaped escapes escaping escape;
communicator;communicator communicators;
zombie;zombie;
sell;selling selled sell sells sold;
delete;deleting delete deleted deletes;
opera;opera operas;
mine;mining mines mine mined;
mind;minding minded mind minds;
watcher;watcher watchers;
believer;believers believer;
fighter;fighters fighter;
mini;minis mini;
end;ends ended end ending;
slowly;slowly;
pornographic;pornographic;
jerk;jerk jerking jerked jerks;
kitten;kitten kittens;
post;post posts posted posting;
guy;guy guys;
theme;theming theme themes themed;
automation;automation;
male;male males;
return;returning return returns returned;
gut;gutted gut gutting;
friendly;friendliest friendlier friendly friendlies;
gracious;gracious;
gun;guns gunning gunned gun;
mechanic;mechanics mechanic;
chair;chair chairing chairs chaired;
leg;leg legged legs legging;
prison;prisons prison prisoned;
fixing;fixing fixings;
disrespect;disrespect disrespected;
chain;chain chains chaining chained;
nickel;nickel nickels;
curse;cursed curses cursing curse;
bloody;bloodied bloodier bloody bloodiest bloodying;
badge;badged badges badging badge;
tour;toured touring tour tours;
broker;brokered brokering broker brokers;
grizzly;grizzly grizzlies;
phone;phone phoning phoned phones;
send;sending sent sended send sends;
purse;purse pursing pursed purses;
mystery;mystery mysteries;
buy;buy buying bought buys buyed;
beef;beef beefing beefed beefs;
radar;radars radar;
patent;patented patent patenting patents;
skip;skipped skips skip skipping;
beep;beeping beeps beep beeped;
egg;egged eggs egg;
rumble;rumbled rumbles rumbling rumble;
skin;skinning skinned skins skin;
resident;residents resident;
ranker;ranker rankers;
automotive;automotive;
hear;hears hearing hear heard;
beer;beer beers;
hurry;hurry hurrying hurried hurries;
police;policing police policed polices;
cold;colder cold coldest colds;
nurse;nursed nurses nurse nursing;
gym;gyms gym;
head;headed heads head heading;
cobblestone;cobblestones cobblestone;
cake;cake caked cakes caking;
loudly;loudly;
tongue;tonguing tongue tongued tongues;
dream;dreaming dreams dreamt dream dreamed;
alaska;alaska;
coward;cowards coward;
hearing;hearing hearings;
statue;statue statues;
yell;yells yell yelling yelled;
season;seasoning season seasons seasoned;
coke;coked cokes coking coke;
sing;sang singing sung sing sings;
town;towns town;
madness;madness;
match;matches matching matched match;
administration;administrations administration;
uneducated;uneducated;
decide;decided decide deciding decides;
call;call called calling calls;
slave;slave slaved slaves slaving;
paper;papering paper papered papers;
thrash;thrashing thrashes thrash thrashed;
temporary;temporary;
state;stated state states stating;
purpose;purposing purposes purposed purpose;
restaurant;restaurant restaurants;
stalker;stalkers stalker;
disadvantage;disadvantaged disadvantages disadvantaging disadvantage;
junk;junks junked junking junk;
rider;rider riders;
affair;affair affairs;
chick;chick chicks;
adrenaline;adrenaline;
full;fulling fulled full fuller fullest;
leader;leader leaders;
blow;blowing blowed blows blown blew blow;
invite;invite inviting invites invited;
detect;detect detecting detected detects;
university;university universities;
check;check checks checked checking;
lip;lip lips lipping lipped;
suitcase;suitcase suitcases;
lasagna;lasagna;
coin;coins coining coin coined;
embarrass;embarrassed embarrass embarrasses embarrassing;
teach;teaching taught teaches teach;
searcher;searcher searchers;
soft;softer softest soft;
tower;tower towers towering towered;
starter;starters starter;
address;address addressing addresses addressed;
fridge;fridge fridges;
shoulder;shouldered shouldering shoulder shoulders;
towel;towelled towel towelling towels;
architectural;architectural;
thief;thieves thief;
special;special specials;
rifle;rifled rifle rifles rifling;
turkey;turkeys turkey;
miss;missing missed misses miss;
lie;lied lying lain lies lie;
total;total totalled totalling totals;
need;need needs needing needed;
battlefield;battlefield battlefields;
mountain;mountains mountain;
fusarium;fusarium;
store;store storing stored stores;
aka;aka;
digger;digger diggers;
fish;fished fish fishes fishing;
college;colleges college;
bullshit;bullshit bullshitting;
visit;visited visiting visit visits;
wait;waits waiting waited wait;
ghost;ghosted ghosting ghosts ghost;
lord;lording lorded lords lord;
kid;kidded kids kidding kid;
sausage;sausage sausages;
free;freeing free freed freer frees freest;
search;searching search searched searches;
jeep;jeeps jeep;
boring;borings boring;
virgin;virgins virgin;
spider;spiders spider;
sail;sailing sailed sails sail;
partner;partners partnering partner partnered;
slow;slower slowing slowest slows slow slowed;
government;governments government;
deep;deeper deeps deep deepest;
pussy;pussies pussy;
breath;breaths breath;
creative;creative;
death;deaths death;
portfolio;portfolios portfolio;
plate;plated plates plate plating;
traveler;traveler travelers;
number;numbers numbering numbered number;
sleep;slept sleeps sleeping sleep;
smoke;smoking smoked smokes smoke;
betray;betraying betrayed betrays betray;
breast;breast breasting breasted breasts;
magic;magic magics;
ear;ear ears;
ohh;ohh;
gin;gins gin;
citadel;citadels citadel;
air;aired air airing airs;
eat;eaten ate eating eat eats;
view;views viewed viewing view;
explain;explaining explained explains explain;
tunnel;tunnelled tunnels tunnelling tunnel;
computer;computer computers;
gift;gift gifting gifts gifted;
nude;nude nudes;
raise;raised raises raise raising;
screw;screwed screws screw screwing;
thigh;thighs thigh;
wizard;wizards wizard;
aid;aids aiding aid aided;
horrible;horrible;
honorable;honorable;
oil;oils oiled oiling oil;
ventilation;ventilation;
stairs;stair stairs;
allergic;allergic;
leave;leave left leaves leaved leaving;
mad;maddest madder mad;
sync;sync;
consider;considering consider considers considered;
write;written write wrote writing writes;
debate;debating debates debated debate;
current;currents current;
map;maps map mapping mapped;
donate;donated donates donate donating;
left;left lefts;
deck;decks decked deck decking;
bear;bear bears borne bore bearing;
look;looking look looks looked;
safe;safe safes safer safest;
beat;beats beat beaten beating;
keyboard;keyboarding keyboard keyboards;
announcement;announcement announcements;
violence;violence;
bean;bean beans;
debt;debt debts;
girlfriend;girlfriend girlfriends;
wed;weds wedding wed wedded;
boat;boating boated boats boat;
loyally;loyally;
represent;represents representing represented represent;
sit;sit sitting sits siting;
history;history histories;
rightful;rightful;
doggy;doggy doggies;
islander;islander islanders;
chemistry;chemistry;
sin;sins sinned sin sinning;
wealthy;wealthier wealthy wealthiest;
civilization;civilizations civilization;
pervert;perverted perverting perverts pervert;
configuration;configurations configuration;
horribly;horribly;
guts;guts;
body;body bodies bodied bodys;
player;player players;
stupid;stupid;
stone;stone stones stoned;
close;closest closed closes closer closing close;
pause;pause paused pauses pausing;
rocker;rocker rockers;
poll;poll polled polls polling;
hostess;hostess hostesses;
revolutionize;revolutionizing revolutionize revolutionized;
capture;capturing captured captures capture;
dead;deader deads dead deadest;
light;lit lights lighting lightest lighter lighted light;
deaf;deafer deaf;
key;keys keyed keying key;
victory;victory victories;
think;think thinking thinks thought;
stink;stink stinking stinks stank;
reward;reward rewards rewarded rewarding;
stress;stressing stress stressed stresses;
slut;sluts slut;
coincidental;coincidental;
learn;learned learns learnt learn learning;
apology;apologies apology;
script;scripting scripts scripted script;
accountant;accountants accountant;
sale;sale;
cough;coughing cough coughs coughed;
bastard;bastard bastards;
better;betters bettered better bettering;
trash;trashes trashed trashing trash;
walk;walking walks walked walk;
phase;phasing phased phases phase;
salt;salting salts salted salt;
sex;sex sexing sexed sexes;
ser;ser;
neck;necking necked neck necks;
daddy;daddy daddies;
smuggler;smuggler smugglers;
set;setting set setted sets;
sensation;sensation sensations;
sake;sake sakes;
garage;garaged garages garage garaging;
employer;employers employer;
today;today todays;
edd;edd;
alcoholic;alcoholics alcoholic;
congratulations;congratulations;
husband;husbanded husband husbanding husbands;
stole;stoles stole;
island;islands islanded island;
throw;throw thrown threw throwed throws throwing;
enhance;enhances enhance enhancing enhanced;
met;met mets;
style;style styles styled styling;
doorbell;doorbell doorbells;
swim;swum swim swam swims swimming;
artist;artists artist;
handy;handier handy;
crap;crap craps crapper crapping crapped;
export;exports export exported exporting;
five;fives five;
consolidate;consolidated consolidating consolidate consolidates;
ale;ale ales aled;
metro;metro metros;
funny;funnier funniest funny;
win;winning winned won win wins;
oft;oft;
game;games gamest game;
message;message messaging messages;
pyke;pyke;
throne;throne thrones;
stand;stood stand stands standing;
privilege;privilege privileges privileged privileging;
cruelty;cruelties cruelty;
ad;ad ads;
forget;forgets forgot forgotten forget forgetting;
stomach;stomached stomachs stomach;
fell;fell fells;
instructor;instructor instructors;
hatted;hatted;
spy;spying spy spied spies;
automobile;automobiles automobile;
makeup;makeup;
door;doors door;
court;courted courts court courting;
council;councils council;
chew;chews chewed chewing chew;
bother;bothered bothers bothering bother;
wrestler;wrestlers wrestler;
activate;activate activating activates activated;
break;broken break breaks breaking broke;
sexy;sexiest sexy sexier;
abuse;abuse abused abuses abusing;
flirt;flirt flirted flirting flirts;
spiritual;spiritual;
correct;correct corrected correcting corrects;
deliver;delivered deliver delivers delivering;
button;buttoning button buttoned buttons;
repay;repaying repaid repay repays;
weekend;weekending weekend weekends;
idiot;idiot idiots;
alright;alright;
move;moved moving moves move;
knife;knifing knifed knifes knives knife;
screen;screen screening screens screened;
aspirin;aspirin aspirins;
fetch;fetch fetching fetches fetched;
son;sonning sons son;
accountable;accountable;
board;boarded boarding board boards;
include;including includes included include;
birdy;birdy birdies;
murderer;murderers murderer;
weird;weird;
comment;commenting comment commented comments;
abandon;abandons abandon abandoning abandoned;
novel;novels novel;
semester;semesters semester;
expert;expert experts;
punishment;punishment punishments;
subject;subjects subject subjected subjecting;
plenty;plenty;
retro;retro;
protect;protects protected protecting protect;
cute;cuter cute cutest;
hammer;hammers hammering hammered hammer;
upload;uploading upload;
chicken;chickening chicken chickened chickens;
conspire;conspire conspiring conspires conspired;
buck;bucked bucks buck bucking;
dollar;dollars dollar;
happiest;happiest;
lion;lion lions;
scout;scouted scout scouting scouts;
decorate;decorate decorates decorated decorating;
champagne;champagne champagnes;
absolutely;absolutely;
true;truer trued true truing truest;
crawl;crawl crawls crawling crawled;
product;product products;
flight;flighting flight flights flighted;
proposal;proposal proposals;
account;accounts account accounted accounting;
bitch;bitching bitched bitches bitch;
design;designed designing designs design;
realize;realize realizing realizes realized;
technology;technologies technology;
save;save saved saves saving;
count;counting counted count counts;
terror;terrors terror;
permit;permitted permit permitting permits;
imp;imps imp;
eunuch;eunuchs eunuch;
study;studied study studies studying;
cousin;cousin cousins;
chat;chatting chatted chat chats;
middle;middled middles middle;
chinese;chinese;
military;militaries military;
love;love loving loved loves;
nein;nein;
buffet;buffets buffet;
sky;skied sky skying skies;
biker;bikers biker;
official;officials official;
torture;torturing tortured tortures torture;
live;lives lived living live;
champion;champion championed championing champions;
scream;scream screamed screams screaming;
musical;musicals musical;
humility;humility;
escort;escorted escorts escort escorting;
suck;sucked sucking sucks suck;
anymore;anymore;
inherit;inherits inherited inherit inheriting;
league;leagues league;
relative;relatives relative;
stuff;stuff stuffed stuffing stuffs;
mother;mothered mothers mother mothering;
manufacture;manufacturing manufactured manufactures manufacture;
afghan;afghans afghan;
trampoline;trampolines trampoline trampolining;
vanilla;vanilla;
release;released releasing releases release;
moon;moon moons mooning mooned;
heroine;heroines heroine;
loss;loss losses;
firework;firework fireworks;
investor;investors investor;
cheese;cheeses cheese;
symphony;symphonies symphony;
beauty;beauties beauty;
add;added adds add adding;
affect;affected affects affecting affect;
war;warred wars war warring;
network;networks networking networked network;
awful;awful;
online;online;
civilize;civilized civilize;
father;fathers fathered fathering father;
playing;playing playings;
army;army armies;
real;real realer;
crazy;crazies crazier crazy craziest;
rise;rose risen rising rise rises;
diamond;diamonds diamond;
read;reads reading read;
sexual;sexual;
sucker;suckered sucker suckers suckering;
poem;poems poem;
playlist;playlists playlist;
abstract;abstract abstracting abstracts abstracted;
doll;doll dolls dolled dolling;
silver;silvering silvered silvers silver;
devil;devilled devils devilling devil;
know;knows knowing no knew known know knowed;
io;ios io;
spend;spends spent spending spend;
human;humans human;
lose;loses lose lost losing;
twenty;twenty twenties;
commander;commanders commander;
hurt;hurt hurting hurts;
blue;blueing blue blued blues;
briefcase;briefcase briefcases;
wrong;wronging wrong wrongs;
mummy;mummies mummy;
runner;runners runner;
hotel;hotel hotels;
act;acts acted acting act;
occupy;occupies occupied occupying occupy;
smart;smarts smarter smartest smarting smarted smart;
fight;fights fought fight fighting;
arrow;arrows arrowed arrow arrowing;
winner;winners winner;
chatter;chattered chattering chatter chatters;
ready;readiest readied readying readier readies ready;
strange;strange strangest stranger;
forward;forwarding forward forwarded forwards;
aluminum;aluminum;
yankee;yankee yankees;
snow;snow snowed snowing snows;
nazi;nazis nazi;
latrine;latrines latrine;
place;placing places place placed;
option;option options;
dancer;dancers dancer;
knee;kneeing knees knee;
serve;serve serving served serves;
turn;turn turned turns turning;
monster;monster monsters;
anti;anti;
honor;honors honor;
catalog;catalog catalogs;
billionaire;billionaires billionaire;
cell;cells cell;
kitchen;kitchens kitchen;
favorite;favorites favorite;
mom;moms mom;
declare;declares declared declaring declare;
cookie;cookie;
afraid;afraid;
floor;floors floor flooring floored;
prick;pricks prick pricked pricking;
crime;crime crimes;
corruption;corruption corruptions;
hot;hotted hotter hotting hot hottest;
load;laden loaded loads loading load;
superstar;superstars superstar;
silent;silent;
face;face faced faces facing;
choice;choice choices;
give;gave given gives give giveth giving;
simple;simpler simples simple simplest;
breakfast;breakfasting breakfasted breakfasts breakfast;
chrome;chrome;
daughter;daughter daughters;
data;data datum;
arry;arry;
undress;undress undressed undressing undresses;
desk;desks desk;
collection;collection collections;
punk;punks punk;
date;dates dated dating date;
digital;digital;
forgiveness;forgiveness;
belly;bellying belly bellied bellies;
gambler;gambler gamblers;
motor;motors motored motor;
grade;grading grade graded grades;
crisis;crises crisis;
notice;noticed noticing notices notice;
pragmatism;pragmatism;
hair;hairs hair;
axe;axed axe;
vocal;vocal vocals;
boss;bossing boss bosses bossed;
tumor;tumors tumor;
front;fronted fronting front fronts;
bodyguard;bodyguards bodyguard;
employ;employs employing employ employed;
replace;replace replaces replacing replaced;
familiar;familiar familiars;
slap;slaps slap slapping slapped;
orphan;orphans orphan;
isle;isles isle;
preference;preference preferences;
pistol;pistol pistols;
weapon;weapon weapons;
string;string stringing strings strung;
gladly;gladly;
doc;docs doc;
part;parts parted part parting;
dog;dogs dogged dog dogging;
mathematician;mathematicians mathematician;
respect;respected respecting respects respect;
cancer;cancer cancers;
agree;agreed agreeing agrees agree;
bran;bran;
hormone;hormones hormone;
kick;kicking kick kicked kicks;
idiocy;idiocy idiocies;
hug;hugs hug hugging hugged;
album;albums album;
surrender;surrendered surrenders surrender surrendering;
unarmed;unarmed;
crow;crowed crow crows crowing;
poorly;poorly;
plantation;plantations plantation;
amount;amounted amount amounting amounts;
student;students student;
dark;darks dark;
eldest;eldest;
welcome;welcomed welcomes welcoming welcome;
dare;daring dares dared dare;
marry;marrying married marries marry;
dessert;desserts dessert;
cannibal;cannibal cannibals;
text;texts text;
fruit;fruit fruiting fruits fruited;
submit;submits submit submitting submitted;
billion;billion billions;
relation;relations relation;
poison;poisoned poisoning poison poisons;
cunt;cunt cunts;
palm;palm palming palms palmed;
finish;finish finishes finished finishing;
counting;counting countings;
anger;angered angering anger angers;
homeless;homeless;
christ;christ christs;
adorable;adorable;
foreign;foreign;
killer;killers killer;
killing;killings killing;
raid;raid raided raiding raids;
birthday;birthday birthdays;
model;models model modelling modelled;
dump;dumped dump dumping dumps;
gamble;gambled gambles gamble gambling;
ambulance;ambulance ambulances;
android;android androids;
catch;catched catches catch caught catching;
breakup;breakup breakups;
land;lands landing land landed;
womb;wombs womb;
signal;signal signalled signalling signals;
unstoppable;unstoppable;
hang;hanging hang hung hangs hanged;
turtle;turtles turtle;
consume;consuming consumed consumes consume;
knight;knighting knights knighted knight;
destroy;destroying destroy destroyed destroys;
dumb;dumb dumbing dumbest;
hand;hand handed hands handing;
journal;journal journals;
toy;toyed toy toys toying;
shut;shutting shut shuts;
prince;prince princes;
above;above;
feed;feeds fed feeding feed;
instruction;instructions instruction;
bunch;bunched bunches bunching bunch;
four;fours four;
plain;plainest plains plainer plain;
bride;brides bride;
painfully;painfully;
rain;raining rained rains rain;
animal;animals animal;
institution;institutions institution;
unite;unite uniting unites united;
defense;defense;
bowl;bowl bowled bowling bowls;
feel;feel felt feeling feels;
reschedule;reschedule rescheduling rescheduled;
dry;drys driest dry dried drying drier dries;
racist;racists racist;
scorsese;scorsese;
promise;promised promises promise promising;
feet;feet;
punish;punishing punishes punished punish;
sailboat;sailboats sailboat;
lame;lames lamed lame laming lamest;
mum;mums mum;
whistle;whistled whistles whistling whistle;
forty;forties forty;
pant;panting pant panted;
school;school schools schooled schooling;
blink;blink blinking blinked blinks;
wolf;wolf wolfed wolves wolfing;
service;serviced services service servicing;
cc.explain.cc.refactor.server;servers cc.explain.cc.refactor.server;
serial;serials serial;
sword;swords sword;
journalism;journalism;
waste;waste wasted wasting wastes;
garlic;garlic;
handsomely;handsomely;
accept;accepted accept accepting accepts;
hundred;hundred hundreds;
angry;angriest angry angrier;
tit;tit tits;
shine;shined shines shining shone shine;
excite;excites excited excite;
falling;falling fallings;
bring;brings bringing brought bring;
drama;dramas drama;
sailor;sailors sailor;
dealer;dealers dealer;
course;course coursed courses coursing;
center;center centered centering centers;
expect;expect expected expects expecting;
vip;vip vips;
open;open opening opens opened;
filthy;filthiest filthy filthier;
whisper;whisper whispering whispered whispers;
fail;fail fails failed failing;
farmer;farmers farmer;
midnight;midnight midnights;
repo;repo repos;
propose;propose proposed proposing proposes;
file;files file filing filed;
toxic;toxic;
devastate;devastated devastates devastate devastating;
arm;arms arm arming armed;
choose;choosing chosen chose choose chooses;
wine;wines wine wining wined;
wind;wind winding winded wound winds;
glad;glad gladder;
wing;wing wings winging;
alert;alerted alerts alert alerting;
art;arts art;
damn;damns damned damn damning;
table;tabled tables tabling table;
prepare;prepares prepare preparing prepared;
researcher;researchers researcher;
fair;fairs fairing faired fairest fairer fair;
soldier;soldier soldiers soldiering soldiered;
present;present presenting presents presented;
flesh;fleshed fleshes flesh fleshing;
disgusting;disgusting;
boost;boosting boost boosted boosts;
language;languages language;
ask;asked asking asks ask;
shit;shits shitting shitted shit;
smell;smelled smell smelling smells smelt;
jaguar;jaguar jaguars;
kneel;kneel knelt kneeled kneeling kneels;
tomorrow;tomorrow tomorrows;
tiger;tiger tigers;
pair;paired pairs pair pairing;
ship;shipping shipped ship ships;
donut;donut donuts;
launch;launched launches launch launching;
pain;paining pains pain pained;
king;kings king;
kind;kindest kinds kinder kind;
version;versions version;
character;characters character;
fanatic;fanatic fanatics;
title;title titling titles titled;
spit;spitted spit spitting spits;
bike;bike biked bikes biking;
engage;engaging engage engages engaged;
union;unions union;
money;moneys money;
command;commanding commanded commands command;
loft;lofted lofts loft lofting;
rent;rent renting rented rents;
magnum;magnums magnum;
fake;faking faked fakes fake;
steak;steak steaks;
steal;steal steals stealing stolen stole;
miracle;miracles miracle;
speak;speak spoken speaks spoke speaking;
dictionary;dictionaries dictionary;
crystal;crystals crystal;
permanence;permanence;
darling;darlings darlingest darling;
secretary;secretaries secretary;
fella;fellas fella;
snake;snake snaking snaked snakes;
point;point pointed pointing points;
princess;princess princesses;
steroid;steroid steroids;
fall;fell fallen falls fall falling falled;
spirit;spirits spiriting spirit spirited;
brand;brands branded branding brand;
walker;walker walkers;
attack;attacking attacked attack attacks;
ten;ten tens;
hate;hating hated hate hates;
foot;foots foot footed footing;
jersey;jerseys jersey;
tee;tees teeing tee;
kill;killed kill kills killing;
pack;packed packing pack packs;
tea;teas tea;
fool;fooling fooled fools fool;
audition;audition auditioned auditioning auditions;
upfront;upfront;
stripper;stripper strippers;
shirt;shirted shirts shirt;
work;work worked working wrought works;
worm;worm worms worming wormed;
murder;murder murdering murdered murders;
global;global;
discover;discovering discovers discover discovered;
class;classes classing classed class;
sandal;sandals sandal;
sense;sensed sense senses sensing;
northern;northern;
pact;pact pacts;
environment;environment environments;
market;market markets marketed;
window;window windows;
fly;flying fly flown flies flew;
program;programs programming program;
food;foods food;
pest;pests pest;
wave;waved waves waving wave;
word;wording words worded word;
rebellion;rebellions rebellion;
barbecue;barbecuing barbecued barbecues barbecue;
friend;friends friend;
warn;warn warns warned warning;
ride;rode ride rides riding rided ridden;
stop;stops stop stopped stopping;
undying;undying;
warm;warms warmer warm warming warmed warmest;
reject;rejects rejecting reject rejected;
voice;voice voices voicing voiced;
allow;allowed allow allows allowing;
specific;specific specifics;
drogo;drogo;
crown;crowned crowns crown crowning;
div;divs div;
orchestra;orchestras orchestra;
ass;asses ass;
pretty;prettier prettied pretties pretty prettiest;
push;pushing pushed push pushes;
flame;flamed flames flaming flame;
minute;minute minutes minutest minuted;
septa;septa;
fit;fits fitted fit fitter fittest fitting;
share;shared shares share sharing;
order;order ordered ordering orders;
officer;officers officer officered;
interactive;interactive;
fix;fixing fixes fix fixed;
triple;tripling triple triples tripled;
setup;setups setup;
rule;ruled rule ruling rules;
bone;bones bone;
wash;washed washes wash washing;
die;dies died die dieing dying;
mean;meanest means meant mean meaner meaning;
offense;offenses offense;
fine;finest fined finer fines fining fine;
skinny;skinnies skinnier skinny;
balcony;balconies balcony;
find;finds finding find found;
vow;vowed vows vowing vow;
film;film filmed filming films;
marine;marine marines;
profit;profited profit profiting profits;
mistake;mistakes mistake mistaken mistook mistaking;
folk;folks folk;
fill;fills fill filling filled;
lunatic;lunatics lunatic;
lock;locking locks lock locked;
manicure;manicuring manicured manicures manicure;
strategy;strategies strategy;
steel;steeled steels steel steeling;
alchemist;alchemist alchemists;
bronze;bronze bronzing bronzes;
boob;boob boobed boobs;
blonde;blonde blondes;
clan;clan clans;
term;termed term terms terming;
dude;dude dudes;
latin;latin latins;
continue;continuing continue continued continues;
book;books booking booked book;
lady;ladies lady;
manly;manly manliest;
clap;clapped clap claps clapping;
boom;booming booms boom boomed;
disappear;disappears disappearing disappeared disappear;
psycho;psychos psycho;